,1,2,3,4,5,6,7,8,9,10
STT,R_610nm,S_680nm,T_730nm,U_760nm,V_810nm,W_860nm,DATE,weight,height,HU
1,3.791637477,3.962141817,4.117883986,4.181327786,4.490809829,4.483489426,2,62.38,0.7,82.7666
2,3.750933734,3.934068649,4.125717848,4.186987743,4.555548381,4.531907163,2,61.62,0.8,88.9867
3,3.777527459,3.899753168,4.075204861,4.134834674,4.537381876,4.512304375,2,60,0.8,89.4133
4,3.741624873,3.900817764,4.116142784,4.180381754,4.558129278,4.529981505,2,60,0.9,94.629
5,3.791171328,3.943754318,4.116553105,4.172628241,4.50873096,4.480422546,2,61.19,0.96,97.2217
6,3.819077608,3.915111568,4.095367227,4.155176001,4.548404823,4.516370861,2,59.54,0.9,94.7369
7,3.80818317,3.91379487,4.077753591,4.132907172,4.566113363,4.529557671,2,59.53,0.8,89.5377
8,3.828166314,3.930000523,4.11098074,4.172821034,4.582226051,4.555024694,2,58.31,0.97,98.3086
9,3.757736411,3.958588144,4.113397336,4.165602517,4.511940672,4.477103526,2,63.89,0.98,97.5655
10,3.8023136,3.912129047,4.066011092,4.121375861,4.539782939,4.502871254,2,62.57,0.98,97.8443
11,3.742773369,3.878018736,4.079171385,4.137142466,4.579175301,4.543421987,2,63.52,0.94,95.7695
12,3.828851053,3.863329832,4.015108038,4.071886213,4.545479387,4.502637393,2,59.07,0.9,94.8475
13,3.759345249,3.949548187,4.110738323,4.175292056,4.580095054,4.553496459,2,61.15,0.8,89.1102
14,3.681386782,3.751499979,3.969302588,4.040262335,4.529220953,4.491774805,2,60.15,0.9,94.5939
15,3.763838534,3.882909268,4.062967153,4.11863955,4.539316381,4.499736873,2,64,0.9,93.7007
16,3.783929005,3.93368546,4.133741532,4.190464987,4.550942431,4.521664945,2,59.65,0.97,98.0159
17,3.830643387,3.937990529,4.104879774,4.161693601,4.559901531,4.528315144,2,61.4,0.98,98.0931
18,3.755615659,3.953071551,4.115937462,4.172545609,4.541568763,4.514716329,2,61.41,0.98,98.091
19,3.749293334,3.856056775,4.063430891,4.131577002,4.560334456,4.531328804,2,63.08,0.92,94.9006
20,3.749293334,3.856056775,4.063430891,4.1304553,4.560334456,4.53114104,2,60.45,0.98,98.2962
21,3.812200715,3.921128519,4.099012263,4.159541375,4.546336726,4.508727095,3,60.64,0.98,98.2555
22,3.792847067,3.939506236,4.108202359,4.173838603,4.546547724,4.516743031,3,60.76,0.8,89.2128
23,3.768089077,3.927007658,4.108272041,4.172710885,4.540362229,4.505120077,3,62.4,0.9,94.0699
24,3.765028928,3.927841097,4.117338469,4.180192317,4.543934342,4.510289628,3,60.37,0.8,89.3156
25,3.783359561,3.896304954,4.083581627,4.148209568,4.518991052,4.482125156,3,61.85,0.8,88.9263
26,3.770443518,3.909125955,4.112915091,4.171580231,4.539051387,4.500190844,3,59.86,0.9,94.6618
27,3.820823521,3.941823633,4.106246856,4.160250527,4.537533947,4.501214699,3,59.51,0.8,89.543
28,3.798478369,3.958949988,4.118734972,4.179786057,4.56221747,4.523149806,3,59.76,0.8,89.4768
29,3.800947764,3.927063297,4.091727497,4.154688259,4.567025677,4.531344427,3,57.88,0.98,98.8512
30,3.746407679,3.928007573,4.116723971,4.182837169,4.550401644,4.515528155,3,60.71,0.95,96.8621
31,3.820997727,3.995025711,4.163419933,4.222241558,4.564985132,4.535887822,3,60.83,0.8,89.1944
32,3.813088481,3.990484582,4.138673972,4.192048377,4.520574564,4.489317798,3,62.14,0.84,91.0399
33,3.813620271,3.956150743,4.108028106,4.165154363,4.556094917,4.522894709,3,60.94,0.85,91.8664
34,3.885236452,3.968961206,4.122189854,4.174223003,4.528833425,4.486326658,3,58.14,0.76,87.658
35,3.791078059,3.936795953,4.09975895,4.155032615,4.546373997,4.504554801,3,59.31,0.96,97.6337
36,3.87781245,3.977659403,4.146080926,4.202150516,4.58394838,4.544364146,3,60.28,0.85,92.0299
37,3.849885571,3.972781836,4.112673751,4.168309641,4.538192157,4.501884794,3,62.64,0.82,89.8314
38,3.804670949,3.954952982,4.102626994,4.15823353,4.542057938,4.507737314,3,60.42,0.97,97.8487
39,3.835218525,3.943433116,4.089914318,4.148267842,4.553941262,4.512075541,3,60.91,0.99,98.6481
40,3.865726394,3.968708674,4.133051088,4.188132201,4.534278865,4.502503694,3,63.77,0.86,91.6999
41,3.700075326,3.824063452,4.024503185,4.089884457,4.562025903,4.529353445,4,58.07,0.73,85.912
42,3.816093385,3.939073703,4.097907709,4.161750094,4.531024926,4.513642367,4,59.39,0.78,88.4562
43,3.731149241,3.954274505,4.105581364,4.168976838,4.540525819,4.518196431,4,60.7,0.75,86.3527
44,3.784402988,3.941716115,4.113672649,4.171911454,4.57236618,4.540338226,4,60.48,0.82,90.3842
45,3.794701448,3.960136792,4.12621952,4.194176815,4.566125203,4.55409058,4,59.59,0.87,93.2286
46,3.703513037,3.897318478,4.096979087,4.160618836,4.542208332,4.5211528,4,62.65,0.71,83.3277
47,3.760548006,3.962141817,4.116689803,4.180354708,4.526435904,4.508677641,4,63.53,0.82,89.6051
48,3.76522701,3.964749872,4.121142741,4.18240646,4.5575611,4.533575367,4,59.33,0.7,83.6879
49,3.801949792,3.968405415,4.118190524,4.173343874,4.533039102,4.503338652,4,62.21,0.8,88.832
50,3.835218525,3.93181941,4.102026618,4.161184833,4.541267431,4.517179603,4,60.61,0.77,87.5507
51,3.815829065,3.961423134,4.128386741,4.185733366,4.533128683,4.512810701,4,61.63,0.74,85.489
52,3.73816097,3.924441833,4.107853817,4.165490522,4.547774321,4.512794371,4,59,0.73,85.6405
53,3.692180943,3.900994926,4.063508139,4.145696314,4.537901157,4.507572122,4,61.56,0.8,89.0024
54,3.76522701,3.971327954,4.124041431,4.182594934,4.5575611,4.534212925,4,60.66,0.7,83.2849
55,3.797835836,3.956878197,4.137405392,4.204767681,4.589513274,4.568872226,4,59.33,0.78,88.4725
56,3.793497019,3.90052229,4.080175965,4.152183438,4.548565412,4.533482004,4,61.56,0.85,91.7133
57,3.773563049,3.905576391,4.104598827,4.171055261,4.550954692,4.517405765,4,59.76,0.72,84.8076
58,3.862809813,3.972331139,4.146240533,4.205662109,4.563949307,4.545879428,4,60.16,0.84,91.5351
59,3.735730324,3.880687511,4.079915723,4.148326108,4.565199129,4.544121213,4,58.8,0.8,89.7313
60,3.792382249,3.947006237,4.137112094,4.20099085,4.580026168,4.55866775,4,59.77,0.78,88.353
61,3.760347778,3.921804501,4.083212746,4.142283149,4.53764794,4.510535821,5,58.76,0.76,87.48425
62,3.739213552,3.837391099,4.007310986,4.070947301,4.528031379,4.494422384,5,58.38,0.74,86.41919
63,3.713665814,3.852572134,4.051646477,4.116920562,4.569209811,4.538203407,5,59.03,0.69,83.14343
64,3.794145964,3.955161538,4.111810793,4.176003288,4.517215904,4.499400307,5,58.24,0.66,81.43422
65,3.83183417,3.9117836,4.09310047,4.157321367,4.565959135,4.543041538,5,59.61,0.75,86.66025
66,3.760247648,3.890718126,4.08302817,4.151692292,4.55165424,4.527700422,5,59.87,0.61,77.39987
67,3.76522701,3.895049666,4.059707046,4.126276572,4.577549422,4.5462574,5,57.14,0.69,83.72848
68,3.759144466,3.878018736,4.086851005,4.156693161,4.584039414,4.555779393,5,61.81,0.72,84.20592
69,3.832767484,3.956826297,4.093605213,4.152298917,4.521955449,4.494439419,5,62.54,0.61,76.47102
70,3.819951442,3.935488963,4.109211583,4.174524808,4.582043156,4.559870451,5,58.07,0.74,86.50855
71,3.858038164,3.979092278,4.1499275,4.213379398,4.575464966,4.557638388,5,59.17,0.65,80.45793
72,3.792754157,3.911841198,4.096836075,4.159229003,4.560298411,4.53226626,5,59.87,0.73,85.38748
73,3.846531938,3.95197029,4.118428818,4.182568026,4.57975038,4.550678137,5,60,0.78,88.29057
74,3.799943385,3.866218061,4.06122372,4.12523327,4.587463,4.553823315,5,57.79,0.74,86.58936
75,3.844639238,3.952809606,4.11730435,4.177367807,4.562911006,4.531563333,5,59.59,0.7,83.60894
76,3.84768,3.949336917,4.09089438,4.152096823,4.574849323,4.550678137,5,60,0.72,84.7369
77,3.79911992,3.912704201,4.089296096,4.149954436,4.584278383,4.558300384,5,59.24,0.8,89.61451
78,3.775404705,3.914138748,4.111776237,4.181246793,4.591330131,4.56734885,5,60.29,0.82,90.43309
79,3.858677421,3.921015753,4.103473152,4.165490522,4.553147665,4.529243422,5,57.96,0.73,85.94413
80,3.769365966,3.916652081,4.126787355,4.197389091,4.569962837,4.549179534,5,60.76,0.72,84.51352
81,3.626131418,3.71438494,3.895432852,3.968387033,4.455592535,4.413490427,6,59.25,0.6,76.8831
82,3.718544342,3.907034637,4.089877974,4.148413509,4.489693992,4.465064474,6,60.45,0.52,70.0296
83,3.793682535,3.851580826,4.001559216,4.066960325,4.494448113,4.469758035,6,58.74,0.58,75.5661
84,3.711542138,3.921635579,4.097979029,4.165714483,4.50459634,4.492254265,6,61.75,0.6,75.997
85,3.697768308,3.886037456,4.089441647,4.160817004,4.531500472,4.514000649,6,61.22,0.63,78.3824
86,3.711093717,3.938207389,4.106281855,4.172104566,4.538710421,4.518953512,6,63.14,0.67,80.5457
87,3.773854341,3.9344515,4.084281636,4.146223542,4.543859426,4.52279897,6,59.16,0.66,81.137
88,3.765127962,3.947749205,4.101637709,4.163216367,4.554416705,4.530404927,6,61.51,0.78,87.8823
89,3.860430542,4.009292218,4.125650911,4.190517859,4.490358172,4.486985446,6,58.88,0.52,70.6754
90,3.814062917,3.912474246,4.072111365,4.135044992,4.54101617,4.514846321,6,58.59,0.64,79.9647
91,3.730506158,3.917619293,4.085678347,4.150940075,4.532757414,4.509484369,6,58.59,0.64,79.9647
92,3.771420781,3.924106071,4.082769632,4.146983996,4.563042426,4.532562751,6,60.4,0.75,86.4372
93,3.749806644,3.879820389,4.042380637,4.103532135,4.525733582,4.487210593,6,58.74,0.73,85.7163
94,3.729001918,3.934724752,4.104949991,4.172187282,4.531808654,4.519017908,6,59.5,0.74,86.0973
95,3.894672358,3.973931531,4.126720614,4.181489754,4.572144009,4.542919719,6,58.34,0.68,82.7147
96,3.792847067,3.933027734,4.100468855,4.163047437,4.564211479,4.539510098,6,62.14,0.66,80.1799
97,3.768678885,3.879634374,4.034567087,4.095381936,4.547996967,4.513691258,6,58.86,0.6,77.0218
98,3.812378413,3.949495356,4.10907251,4.171359274,4.561690551,4.5356401,6,58.86,0.68,82.5517
99,3.705221721,3.928118538,4.087947533,4.154803075,4.516764349,4.495697697,6,60,0.68,82.1952
100,3.828936585,3.966683025,4.124377226,4.185760106,4.56691914,4.542371082,6,60.9,0.71,83.847
101,3.748367898,3.886526113,4.05697144,4.119138339,4.483210904,4.46387856,7,58.44,0.65,80.6974
102,3.669577629,3.786076193,3.984064231,4.050563148,4.492260354,4.461441838,7,58.14,0.61,78.0049
103,3.733072796,3.904347682,4.093785349,4.161919529,4.552279138,4.531297507,7,59.88,0.62,78.1211
104,3.756020407,3.808418002,3.999281803,4.064211164,4.52234916,4.489817194,7,58.19,0.64,80.0982
105,3.68270594,3.773984606,3.976581054,4.044833709,4.500118339,4.463969906,7,57.18,0.67,82.4336
106,3.77103014,3.873513029,4.033864769,4.10084321,4.50925856,4.48117814,7,58.69,0.69,83.2484
107,3.73763374,3.929945308,4.091039397,4.156978822,4.524299395,4.511519252,7,59.04,0.6,76.9578
108,3.823342708,3.910341239,4.068308729,4.130212392,4.528536084,4.500056389,7,59.04,0.73,85.6289
109,3.80185881,3.94160857,4.112397803,4.175045574,4.547130485,4.527495321,7,58.76,0.67,81.9295
110,3.756424779,3.888110467,4.076780809,4.142814535,4.546436043,4.51814807,7,59.53,0.67,81.6849
111,3.826707666,3.93527074,4.106526739,4.164368978,4.563317063,4.535035666,7,61.73,0.65,79.6223
112,3.778680966,3.890294694,4.054928073,4.115571868,4.531153523,4.500392447,7,60,0.6,76.6167
113,3.71187817,3.938153209,4.111084592,4.179216661,4.561247003,4.550154228,7,59.11,0.68,82.4734
114,3.807105514,3.907034637,4.065088586,4.132544779,4.526383908,4.499400307,7,60,0.69,82.8447
115,3.80818317,3.936142974,4.102662286,4.167613538,4.543921833,4.522320165,7,60.49,0.64,79.3329
116,3.836900864,3.914882859,4.093352932,4.156235713,4.568065986,4.538680437,7,60.32,0.6,76.5032
117,3.790798062,3.873387223,4.05148769,4.112830254,4.5511389,4.518583232,7,58.65,0.68,82.6175
118,3.728571176,3.871305786,4.057128236,4.124341394,4.559660825,4.53601163,7,58.32,0.72,85.233
119,3.847843762,3.970775185,4.133412903,4.196451355,4.554197327,4.52947913,7,61.19,0.64,79.101
120,3.753586238,3.913852228,4.09056795,4.153106415,4.574860927,4.548277874,7,58.7,0.58,75.5808
121,3.816269498,3.949759307,4.108829058,4.170917024,4.579255855,4.549629687,8,59.12,0.55,73.069
122,3.773563049,3.888839773,4.052082808,4.113588288,4.549971036,4.518583232,8,59.7,0.57,74.4373
123,3.712549373,3.898448428,4.089114122,4.159853553,4.547291497,4.529620463,8,59.2,0.51,69.6794
124,3.741624873,3.938965502,4.10184987,4.161128267,4.502610278,4.482982696,8,59.47,0.58,75.2973
125,3.794423812,3.894690357,4.072943478,4.134413763,4.550254062,4.5211528,8,58.65,0.53,71.6132
126,3.79014409,3.953019194,4.112052613,4.17780354,4.568443655,4.550558441,8,57.55,0.53,72.0579
127,3.746614437,3.9049332,4.070974062,4.133299373,4.567735221,4.532936922,8,60.15,0.55,72.6691
128,3.772687925,3.941662322,4.095367227,4.15772069,4.559444081,4.531704039,8,58.66,0.56,74.0446
129,3.784971066,3.919547228,4.082252165,4.143197925,4.533908578,4.506563163,8,60.3,0.6,76.5103
130,3.747543613,3.928340384,4.121075094,4.186534442,4.574372462,4.551858387,8,60.39,0.68,82.0736
131,3.768678885,3.97188002,4.132524337,4.197128819,4.550229452,4.526705579,8,59.42,0.6,76.8227
132,3.763739168,3.885425854,4.046857741,4.10863719,4.548231837,4.515771371,8,54.64,0.68,83.8841
133,3.794145964,3.921353963,4.07449002,4.134954859,4.54259666,4.515349667,8,60.86,0.66,80.59
134,3.836060509,3.97924027,4.115423763,4.178700875,4.544084088,4.518615407,8,56.92,0.64,80.5231
135,3.742564774,3.823428599,4.009065535,4.075484017,4.547365824,4.512908614,8,58.81,0.62,78.4889
136,3.841909098,3.961423134,4.119923584,4.183133048,4.582614452,4.556606627,8,59.44,0.58,75.3084
137,3.75031931,3.933794984,4.091582744,4.156921705,4.564675818,4.538080223,8,58.37,0.62,78.6404
138,3.814858588,3.947165575,4.09454107,4.156035443,4.547625795,4.520816403,8,60.26,0.65,80.1014
139,3.756424779,3.940801162,4.097086341,4.160703768,4.562349053,4.536058043,8,62.23,0.57,73.4926
140,3.753484536,3.874894752,4.062464207,4.130242778,4.574535345,4.544045263,8,60,0.67,81.5359
141,3.836144602,3.966022643,4.113707056,4.174990784,4.539366852,4.520640101,9,60,0.42,60.6026
142,3.762146518,3.878889431,4.052914584,4.119356396,4.572050401,4.538695797,9,57.84,0.38,57.2976
143,3.742042866,3.907732872,4.095295444,4.166385676,4.572237552,4.548698894,9,58.43,0.4,59.2421
144,3.807195405,3.896543628,4.066433234,4.128599668,4.566065907,4.528456856,9,58.05,0.45,64.6469
145,3.720085178,3.866026126,4.07433937,4.146223542,4.552817593,4.530655652,9,59.78,0.47,65.7744
146,3.785821774,3.937773608,4.097550769,4.157007392,4.570714604,4.546514276,9,54.74,0.46,67.1619
147,3.792661193,3.980520485,4.135773541,4.196033944,4.553392007,4.537540884,9,59.46,0.5,68.6862
148,3.77317433,3.888536033,4.078351095,4.145930717,4.573440452,4.548292947,9,59.22,0.48,66.9693
149,3.78780036,3.900344935,4.069985995,4.128904411,4.548231837,4.514830067,9,59.39,0.5,68.7162
150,3.807554846,3.959259873,4.129681901,4.189220627,4.564533008,4.535949706,9,61.43,0.52,69.627
151,3.801949792,3.939884326,4.120059193,4.181489754,4.557149623,4.533357473,9,59.68,0.6,76.7303
152,3.7496014,3.910341239,4.100717071,4.166385676,4.546622178,4.524518433,9,57.92,0.5,69.3463
153,3.77220101,3.91790334,4.100433384,4.168198342,4.576473717,4.551216386,9,60.37,0.53,70.9193
154,3.822996104,3.938803175,4.090204923,4.154487244,4.56031041,4.539264434,9,58.19,0.45,64.58
155,3.816533518,3.899160592,4.078388416,4.145989297,4.578910514,4.554342866,9,59.76,0.78,88.3557
156,3.802404521,3.901349086,4.093893395,4.159541375,4.569044918,4.545379947,9,59.84,0.57,74.385
157,3.87111369,3.92360189,4.103508376,4.164397037,4.582043156,4.554357682,9,58.28,0.6,77.2283
158,3.777719923,3.85513903,4.073170162,4.138068091,4.584301138,4.551246279,9,59.13,0.56,73.8652
159,3.820910648,3.937502269,4.128386741,4.195328639,4.550770453,4.534709857,9,61.17,0.6,76.2021
160,3.818552462,3.935598033,4.105581364,4.168949044,4.596425912,4.56812556,9,58.74,0.51,69.8726
161,3.791637477,3.91063011,4.092775694,4.161863058,4.547947489,4.527084828,10,57.88,0.44,63.7384
162,3.704539046,3.93005578,4.116176995,4.183348096,4.542746916,4.524391253,10,58.65,0.48,67.224
163,3.783359561,3.923265427,4.114154054,4.181786552,4.578737719,4.558168084,10,56.42,0.45,65.4248
164,3.746200822,3.899871591,4.098869918,4.162737548,4.573370502,4.546801153,10,57.56,0.41,60.7946
165,3.782694284,3.906393603,4.085237778,4.148500861,4.549355112,4.521456973,10,57.56,0.42,61.8528
166,3.832513154,3.888232107,4.064703651,4.121530831,4.537584625,4.50498714,10,58.04,0.46,65.6208
167,3.778680966,3.946953143,4.116450553,4.178102867,4.558588114,4.533217351,10,58.58,0.45,64.3939
168,3.714779392,3.879944374,4.069071939,4.131909935,4.547539155,4.516872418,10,59.26,0.42,60.9821
169,3.783074577,3.949125545,4.128020745,4.19049141,4.568396453,4.548067235,10,59.14,0.41,59.9654
170,3.74568323,3.904289081,4.108062963,4.174689332,4.578979578,4.557770896,10,56.93,0.43,63.2005
171,3.778296804,3.925112631,4.104317666,4.169892578,4.569315787,4.543862918,10,58.85,0.45,64.265
172,3.75154729,3.862556365,4.05488868,4.118358713,4.566196376,4.538172602,10,58.59,0.56,74.0714
173,3.698115164,3.882724571,4.092016926,4.159626548,4.571523591,4.546091131,10,60,0.55,72.7273
174,3.787235974,3.944716403,4.110703713,4.172297563,4.563054396,4.536753739,10,59.87,0.55,72.7777
175,3.749806644,3.895169379,4.096155994,4.161043389,4.580932679,4.555661094,10,58.07,0.5,69.2819
176,3.781074293,3.897497072,4.09468484,4.15888796,4.551936172,4.518035222,10,57.62,0.56,74.4422
177,3.738898064,3.880316088,4.053705307,4.116701279,4.529272611,4.503505435,10,57.29,0.52,71.3307
178,3.805122839,3.937773609,4.102979754,4.167167455,4.570327134,4.5462574,10,59.52,0.52,70.412
179,3.756929734,3.867431808,4.043352567,4.107998341,4.560875005,4.53273428,10,57.53,0.57,75.2513
180,3.761547766,3.881676368,4.079618148,4.151432071,4.569186252,4.544576588,10,58.95,0.5,68.9047
181,3.766808424,3.856711135,4.047058305,4.110961064,4.542145678,4.5133001,11,57.93,0.45,64.7041
182,3.68675812,3.829248728,4.021450718,4.089751127,4.550389368,4.518921363,11,57.93,0.52,71.0668
183,3.767695426,3.88750178,4.083802791,4.153048787,4.564056574,4.536521947,11,59.36,0.48,66.9068
184,3.767498467,3.892227037,4.094145362,4.161411026,4.583378836,4.557314392,11,57.4,0.53,72.1186
185,3.784402989,3.935598033,4.11039181,4.17840196,4.544084088,4.528330875,11,60.97,0.46,64.2531
186,3.769954044,3.929890037,4.122560795,4.192206396,4.556034235,4.535903282,11,58.38,0.42,61.433
187,3.812467219,3.950655599,4.106281855,4.15851818,4.523580548,4.497544505,11,57.44,0.52,71.2689
188,3.811132994,3.983558194,4.130609388,4.19154759,4.556495289,4.534337211,11,60.78,0.46,64.3418
189,3.751955846,3.952809606,4.116689803,4.182298716,4.581459633,4.560119355,11,58.36,0.5,69.1576
190,3.79182379,3.964596904,4.126820738,4.189644635,4.579991676,4.556193207,11,59.24,0.5,68.7804
191,3.8234293,3.873324292,4.054139574,4.110548152,4.548021704,4.510503016,11,58.99,0.49,67.9893
192,3.824380864,3.959621158,4.10184987,4.161297944,4.542509011,4.516969472,11,58.99,0.55,73.1196
193,3.751138348,3.88377025,4.041609624,4.104918681,4.560466657,4.528708708,11,58.19,0.47,66.5004
194,3.859953119,3.985701207,4.134430849,4.193468485,4.579807837,4.560529056,11,58.19,0.5,69.2305
195,3.878728363,3.972431339,4.140844719,4.202896224,4.565282316,4.541501044,11,56.36,0.47,67.3364
196,3.843731086,3.945889468,4.134627613,4.199180742,4.588207652,4.566541846,11,59.87,0.52,70.2681
197,3.783169581,3.930386975,4.081622931,4.149635058,4.55986545,4.541959173,11,59.84,0.57,74.385
198,3.855873713,3.948384977,4.098620644,4.154803075,4.544894405,4.512827004,11,59.68,0.52,70.3462
199,3.772493218,3.915511493,4.081882117,4.14181026,4.56410425,4.534026404,11,58.29,0.57,74.9658
200,3.798019509,3.907849113,4.078201813,4.142637479,4.590983039,4.562731771,11,58,0.52,71.0379
201,3.761747442,3.896841822,4.109246344,4.174963401,4.541229768,4.522400011,12,59.36,0.44,63.0156
202,3.82696545,3.948120189,4.121953616,4.188105634,4.555232317,4.538326557,12,56.89,0.43,63.2204
203,3.770834687,3.865000913,4.059473224,4.122706679,4.578011289,4.54085882,12,57.59,0.48,67.6978
204,3.81732468,3.944663028,4.132359577,4.195798988,4.576601097,4.551977725,12,57.85,0.49,68.4882
205,3.812111822,3.962039214,4.131072389,4.204332572,4.542721877,4.532890174,12,58.42,0.5,69.1319
206,3.729539725,3.865129201,4.085494817,4.155348019,4.536862023,4.516257499,12,60.25,0.49,67.4383
207,3.755514431,3.870989527,4.06578064,4.140002616,4.547440138,4.527763483,12,61.26,0.5,67.9156
208,3.842240938,3.956150743,4.099474637,4.157406975,4.560923032,4.53225067,12,57.32,0.42,61.9756
209,3.792661193,3.988027006,4.11610857,4.183079242,4.560382542,4.547419601,12,59.68,0.49,67.6875
210,3.814505144,3.938586611,4.113500611,4.17433277,4.566563845,4.536614708,12,59.22,0.42,61.0026
211,3.769464052,3.859188713,4.050454225,4.114124445,4.569445283,4.537263234,12,59.22,0.5,68.789
212,3.709295391,3.787535501,4.029626922,4.095480667,4.553416391,4.522687325,12,59.46,0.48,66.8621
213,3.771127815,3.895169379,4.093244752,4.160363882,4.545056296,4.525676748,12,62.95,0.47,64.3269
214,3.782504012,3.939452169,4.115046673,4.178184448,4.570831926,4.543999696,12,57.99,0.5,69.3163
215,3.844968999,3.936306298,4.119142852,4.180273506,4.588286548,4.56348776,12,58.23,0.47,66.4821
216,3.763639817,3.970976282,4.119244771,4.183616757,4.559335668,4.54177595,12,61.14,0.48,66.1117
217,3.816533518,3.876896684,4.059901765,4.124587607,4.56979823,4.544364146,12,57.97,0.44,63.6945
218,3.794886451,3.929669032,4.118054329,4.185278753,4.587485588,4.569159032,12,55.92,0.45,65.6635
219,3.836564917,3.981698918,4.138479033,4.201687027,4.582477422,4.563894297,12,58.21,0.5,69.2219
220,3.799943385,3.901820823,4.078127136,4.144463619,4.564080413,4.541806501,12,57.85,0.48,67.5816
221,3.75510921,3.932149265,4.115389493,4.181705617,4.541669128,4.521856799,13,60.31,0.55,72.607
222,3.748676583,3.924441833,4.111707115,4.178429156,4.522231079,4.501281752,13,60,0.52,70.2146
223,3.764434139,3.880996761,4.073924847,4.141514442,4.555767078,4.53225067,13,57.66,0.47,66.7424
224,3.808631389,3.898923352,4.075280007,4.145315154,4.546721382,4.523786896,13,57.4,0.5,69.5694
225,3.776660331,3.87570914,4.074301699,4.134142947,4.55469685,4.525185211,13,57.59,0.46,65.8309
226,3.838493056,3.951287134,4.114943765,4.170446625,4.525837673,4.505302792,13,57.93,0.5,69.342
227,3.791637477,3.926562539,4.105020196,4.163638389,4.54835544,4.52128088,13,58.09,0.52,71.0009
228,3.811667182,3.944502817,4.115595074,4.175374166,4.548404823,4.5243277,13,57.69,0.5,69.4449
229,3.78930178,3.946527966,4.12383981,4.188583839,4.538192157,4.515657905,13,60,0.42,60.6026
230,3.828851053,3.922591768,4.098478137,4.159086919,4.574244427,4.552514367,13,61.38,0.5,67.8642
231,3.784876421,3.876896684,4.087472715,4.153682312,4.576959871,4.550708068,13,60,0.43,61.6654
232,3.844968999,3.932698547,4.102662286,4.163863307,4.58838797,4.561770365,13,57.13,0.43,63.1006
233,3.794886451,3.968708674,4.114703583,4.181165758,4.557379596,4.536228197,13,60.93,0.47,65.2494
234,3.740892395,3.885731776,4.08446568,4.156550275,4.551433462,4.530012897,13,58.45,0.51,69.9944
235,3.764929835,3.983216291,4.13021214,4.200681086,4.54018601,4.535841391,13,59.64,0.5,68.6091
236,3.778296804,3.937990529,4.108341711,4.174935988,4.564461562,4.545834053,13,60.93,0.55,72.3666
237,3.690067009,3.810604773,4.024883224,4.092012226,4.539644287,4.507621702,13,57.62,0.44,63.8654
238,3.782979518,3.874832039,4.088749878,4.159910286,4.55718593,4.537170612,13,61.07,0.5,67.9969
239,3.741520292,3.820026774,4.037447042,4.114974588,4.581585559,4.557108091,13,56.41,0.53,72.5196
240,3.750729022,3.968455996,4.129549232,4.199362103,4.575801477,4.557667843,13,59.64,0.48,66.7817
241,3.84521614,3.906335279,4.08021313,4.142696505,4.529543638,4.505468849,14,61.81,0.53,70.3394
242,3.82987614,3.927118879,4.084870267,4.15330807,4.537926475,4.51759951,14,58.8,0.45,64.2889
243,3.843565767,3.922310721,4.101673082,4.163413354,4.580840946,4.550109298,14,58.34,0.44,63.5138
244,3.790331045,3.832371895,4.040022754,4.106685738,4.545641012,4.51698562,14,59.79,0.45,63.8162
245,3.780787804,3.892106511,4.091111887,4.162681183,4.56950412,4.548082267,14,60.88,0.5,68.0782
246,3.773077078,3.876584501,4.079878533,4.149547934,4.57236618,4.548774035,14,58.31,0.5,69.179
247,3.77190857,3.911610786,4.101673082,4.172021806,4.578541798,4.558035744,14,57.4,0.53,72.1186
248,3.820649245,3.974480254,4.137275062,4.199672809,4.571968499,4.546272543,14,59.54,0.5,68.6519
249,3.796732162,3.982727404,4.149610867,4.212902626,4.577572531,4.560909138,14,59.78,0.5,68.5491
250,3.749806644,3.912761677,4.093280815,4.153653522,4.532116568,4.513577195,14,60,0.45,63.7159
251,3.761447912,3.882293242,4.081919136,4.152760529,4.555597001,4.533902028,14,59.26,0.48,66.9515
252,3.798478369,3.915968077,4.085531529,4.152587482,4.587779081,4.562265906,14,57.9,0.42,61.6787
253,3.80791399,3.913278594,4.068576018,4.131849423,4.56032241,4.533948667,14,56.88,0.43,63.2254
254,3.799669081,3.934506144,4.088567676,4.154774359,4.575139836,4.554565293,14,58.15,0.47,66.5186
255,3.793218577,3.962141817,4.111638015,4.189459196,4.571300989,4.556842677,14,59.47,0.42,60.8745
256,3.769954044,3.916936812,4.100256019,4.174305345,4.563209613,4.542020198,14,60.52,0.48,66.3886
257,3.75510921,3.912244144,4.073774001,4.1387536,4.559504288,4.534337211,14,56.97,0.51,70.6168
258,3.740997127,3.950339464,4.119652173,4.186987743,4.569033112,4.556237512,14,60,0.5,68.4549
259,3.830643387,3.953804177,4.093641246,4.155290687,4.560430577,4.529871642,14,59.17,0.44,63.1084
260,3.764731617,3.880068323,4.052835466,4.115068963,4.562289239,4.535996175,14,57.9,0.44,63.7287
261,3.728355645,3.835884569,4.06122372,4.144962973,4.566848086,4.547027523,15,59.14,0.41,59.9654
262,3.76284404,3.813936586,4.021875985,4.093039128,4.555268785,4.526452562,15,56.65,0.5,69.8914
263,3.77190857,3.905342604,4.101531574,4.175784572,4.559877462,4.544864748,15,59.38,0.48,66.8979
264,3.762445604,3.848659841,4.069491117,4.137112558,4.551040653,4.526183538,15,60.54,0.52,69.9926
265,3.724131246,3.862039963,4.052241379,4.124741435,4.556349716,4.535562652,15,59.41,0.48,66.8845
266,3.813885906,3.910976476,4.075242418,4.141366443,4.530111013,4.509089428,15,61.41,0.5,67.8514
267,3.725652422,3.951444863,4.11039181,4.168810135,4.490950873,4.47754635,15,59.44,0.48,66.8711
268,3.753281024,3.870229623,4.039288415,4.107838465,4.546187755,4.521328945,15,59.77,0.5,68.5534
269,3.787800361,3.885303453,4.053784304,4.11491167,4.525121369,4.486430728,15,61.91,0.43,60.7081
270,3.76956208,3.927230071,4.10149619,4.168309641,4.559191091,4.542721682,15,60.75,0.5,68.1338
271,3.663237463,3.855335836,4.088458297,4.164649635,4.543109698,4.528330875,15,61.8,0.53,70.3434
272,3.794145965,3.890536693,4.055872354,4.118795499,4.548231837,4.517631809,15,58.43,0.47,66.3908
273,3.75954594,3.90674339,4.069757643,4.136124942,4.550893287,4.525296266,15,59.15,0.45,64.1218
274,3.701224257,3.897556596,4.060485472,4.127072704,4.528574864,4.506695618,15,60.12,0.5,68.4035
275,3.766611062,3.936197406,4.117679485,4.182244833,4.552744194,4.535609113,15,58.44,0.41,60.333
276,3.765127962,3.821021743,4.037323998,4.10751857,4.550352488,4.522974449,15,59.16,0.48,66.9961
277,3.73710583,3.934997831,4.091836056,4.158176578,4.540626474,4.524931306,15,58.4,0.44,63.4845
278,3.792382249,3.887197129,4.044322327,4.106621608,4.546262271,4.516338467,15,58.66,0.5,69.029
279,3.812644808,3.930497334,4.098763104,4.159598149,4.57631156,4.551365786,15,58.32,0.43,62.5059
280,3.768580622,3.868387626,4.053863286,4.121530831,4.542821976,4.515008744,15,60,0.5,68.4549
281,3.73837169,3.86634599,4.080436016,4.148588226,4.565258544,4.540031685,16,60.19,0.5,68.3736
282,3.783359561,3.884322829,4.05673614,4.120631312,4.555536249,4.521424957,16,59.66,0.5,68.6005
283,3.821780805,3.894810169,4.078425734,4.140210416,4.55716171,4.532547122,16,56.03,0.53,72.6737
284,3.787612314,3.85058725,4.032456756,4.096565053,4.538015054,4.506380977,16,59.3,0.48,66.9336
285,3.782979518,3.863265427,4.054455161,4.12357106,4.567120328,4.54085882,16,57.92,0.54,72.7297
286,3.841327783,3.91453957,4.096871841,4.165154363,4.560442619,4.538987884,16,57.32,0.52,71.3184
287,3.790424474,3.909183907,4.059823873,4.125847281,4.554794274,4.533170584,16,60,0.46,64.706
288,3.781360628,3.8895072,4.063778397,4.126061995,4.556967947,4.523070098,16,56.97,0.47,67.0576
289,3.785538401,3.908952054,4.060485472,4.129026248,4.565389255,4.541134133,16,58.22,0.48,67.4162
290,3.714556905,3.861716911,4.062386774,4.143580946,4.555669919,4.543087206,16,59.38,0.43,61.9757
291,3.756828774,3.825189874,4.042258983,4.112513984,4.558949992,4.530827936,16,57.36,0.52,71.3019
292,3.728463404,3.944716403,4.093533172,4.166441562,4.554258266,4.537741248,16,62.29,0.47,64.6284
293,3.810419719,3.932753413,4.083618502,4.14914102,4.562827363,4.53542324,16,59.39,0.53,71.3145
294,3.75954594,3.90052229,4.040715191,4.111119794,4.534368191,4.511109764,16,58.71,0.44,63.3331
295,3.796916303,3.871874443,4.04845986,4.116011433,4.563173806,4.530122675,16,57.82,0.49,68.5014
296,3.762644867,3.923545805,4.091329251,4.154401058,4.504213529,4.48566687,16,62.53,0.53,70.0497
297,3.775791433,3.974430415,4.116074354,4.184662961,4.523724422,4.514179693,16,61.46,0.47,65.0074
298,3.763242111,3.893730724,4.048619721,4.115823103,4.56221747,4.538264962,16,58.65,0.5,69.0333
299,3.797376329,3.948226133,4.091872236,4.157692167,4.554111989,4.532422322,16,58.65,0.4,59.1236
300,3.80058281,3.926506836,4.087545803,4.152125687,4.547316274,4.521296919,16,58.97,0.56,73.9263
301,3.738266363,3.810532053,3.985545491,4.05052668,4.512960661,4.484849423,17,58.91,0.47,66.1716
302,3.660095415,3.811258669,4.016142926,4.090849896,4.526539828,4.502486972,17,58.37,0.45,64.4941
303,3.707489587,3.834991891,4.054731073,4.126827895,4.531770112,4.511208062,17,59.43,0.4,58.7033
304,3.7165552,3.858798461,4.031709463,4.098202895,4.524951871,4.495239002,17,61.88,0.5,67.6503
305,3.738898064,3.899279178,4.047218721,4.112007524,4.504049383,4.482790343,17,59.42,0.51,69.5871
306,3.815476409,3.868323967,4.040185788,4.107582568,4.526565817,4.500593957,17,57.83,0.42,61.7146
307,3.736788807,3.83766447,4.046456257,4.125079616,4.541556185,4.523579938,17,55.65,0.38,58.5357
308,3.71721926,3.887440861,4.040715191,4.092443168,4.400226072,4.366424672,17,58.88,0.39,57.8688
309,3.737211479,3.839437107,4.034360668,4.105594235,4.539984521,4.516969472,17,54.88,0.52,72.3271
310,3.762146518,3.916139218,4.061805655,4.127042126,4.493916208,4.478854489,17,58,0.51,70.1835
311,3.671793425,3.847058265,4.060368786,4.128904411,4.543871889,4.52408918,17,60,0.41,59.5132
312,3.79497894,3.90052229,4.085898447,4.153192859,4.544171419,4.525407294,17,57.38,0.49,68.694
313,3.746407679,3.90866209,4.078276443,4.141603193,4.542834517,4.514716329,17,59.65,0.46,64.8694
314,3.787141821,3.871052798,4.029585166,4.095973881,4.528652464,4.500946382,17,60.23,0.5,68.3564
315,3.817675839,3.885425854,4.06044658,4.131425608,4.518210373,4.497087758,17,59.14,0.33,50.214
316,3.710420217,3.877333376,4.029960786,4.09800668,4.506165052,4.486829504,17,60.69,0.46,64.3839
317,3.730720625,3.880501839,4.049498076,4.114313513,4.530317134,4.503555481,17,58.13,0.54,72.6464
318,3.734563026,3.808198704,4.009940138,4.081029597,4.54203286,4.511126131,17,57.86,0.42,61.6992
319,3.746304244,3.925949711,4.079580933,4.14493363,4.535820446,4.519628934,17,57.7,0.43,62.8158
320,3.739108428,3.909125955,4.073094613,4.139408278,4.52459965,4.509846097,17,58.33,0.52,70.902
321,3.694401233,3.75597559,3.989638977,4.064564627,4.535629623,4.505103456,18,57.67,0.51,70.3223
322,3.741938386,3.823216754,4.024756608,4.094492488,4.546932193,4.522208346,18,57.43,0.45,64.9428
323,3.707263332,3.807173917,4.023149172,4.093931556,4.548034047,4.519001784,18,57.93,0.4,59.5111
324,3.786765074,3.9151687,4.1060368,4.171414524,4.556252688,4.53285899,18,57.65,0.3,46.9849
325,3.790891425,3.865577881,4.05673614,4.125478978,4.56194209,4.534275048,18,58.01,0.53,71.8718
326,3.795718009,3.854153541,4.044846715,4.107166429,4.550598359,4.520463727,18,59.37,0.47,65.9616
327,3.785632868,3.828202631,3.997667004,4.058373526,4.520732583,4.48469274,18,57.61,0.44,63.8703
328,3.740787677,3.863716035,4.040511636,4.107742538,4.559937609,4.53027951,18,57.97,0.47,66.6008
329,3.872740106,3.961063345,4.101708452,4.157777703,4.550536904,4.525026576,18,59.1,0.45,64.1457
330,3.774533324,3.909125955,4.092161535,4.158859513,4.566148929,4.541378791,18,57.81,0.5,69.3935
331,3.786293697,3.822226839,4.014589688,4.077409037,4.550487715,4.514602534,18,57.55,0.44,63.8996
332,3.690890339,3.825260149,4.003514511,4.065341152,4.541430681,4.50498714,18,58.19,0.43,62.5708
333,3.77142078,3.891865384,4.063932755,4.127439689,4.550475441,4.526926835,18,58.61,0.53,71.6294
334,3.773465884,3.895049666,4.067505947,4.13130441,4.567652502,4.534756409,18,58.47,0.34,51.9862
335,3.789208109,3.89791357,4.052360231,4.117546431,4.544931751,4.513854114,18,58.07,0.45,64.6373
336,3.820300483,3.876709384,4.027198573,4.089083861,4.509812505,4.483035136,18,58.07,0.49,68.3919
337,3.786670854,3.939614303,4.094576991,4.155262033,4.531449078,4.503705506,18,59.06,0.5,68.8576
338,3.779639887,3.907092869,4.067046542,4.131334721,4.547625795,4.521488936,18,59.59,0.48,66.804
339,3.793960646,3.91465403,4.067505947,4.132937339,4.553965615,4.519114432,18,58.21,0.47,66.4912
340,3.785349371,3.960394356,4.107190785,4.171193483,4.528833425,4.513137037,18,57.43,0.41,60.8628
341,3.692532289,3.786998441,4.013594455,4.084350268,4.532142226,4.504604701,19,60.97,0.53,70.6775
342,3.799760524,3.902292049,4.097193569,4.168643368,4.561774414,4.541072984,19,60,0.46,64.706
343,3.806565681,3.878578677,4.091691305,4.154803075,4.538040366,4.507902443,19,57.56,0.48,67.7113
344,3.751342867,3.937936321,4.105441156,4.17326135,4.55010643,4.528897527,19,56.05,0.34,53.5183
345,3.837152638,3.943700777,4.088713437,4.148937451,4.522060449,4.498827532,19,60,0.36,53.6142
346,3.78770633,3.963064107,4.122695584,4.190834955,4.522467209,4.509763909,19,63.05,0.41,57.9042
347,3.793775247,3.900049139,4.066279762,4.132242581,4.551985198,4.525359728,19,58.28,0.42,61.4842
348,3.810241217,3.978499936,4.118258621,4.178918129,4.541618972,4.516888621,19,60.28,0.56,73.4269
349,3.705562678,3.920451535,4.099261313,4.170806391,4.571722704,4.54883411,19,57.11,0.3,47.373
350,3.84207505,3.9181872,4.092775694,4.156778894,4.572623321,4.542325339,19,58.3,0.59,76.4811
351,3.730720625,3.909878671,4.096263451,4.168643368,4.541506017,4.526136058,19,63.14,0.5,67.1113
352,3.821867709,3.981502727,4.12383981,4.185225239,4.526422881,4.509665284,19,57.18,0.46,66.0223
353,3.786953489,3.896543629,4.056775365,4.1195432,4.545330074,4.514846321,19,58.15,0.5,69.2476
354,3.769954044,3.946846887,4.09658563,4.158831093,4.541116712,4.515674101,19,57.78,0.35,53.7041
355,3.774145474,3.929337238,4.104423123,4.174387642,4.560682892,4.539049376,19,59.85,0.3,45.3908
356,3.748367898,3.902586296,4.077865663,4.147305298,4.546150517,4.524168701,19,57.93,0.49,68.4532
357,3.775694801,3.912071514,4.078201813,4.144404832,4.575453377,4.548232749,19,57.93,0.36,54.8575
358,3.76956208,3.942253389,4.084833499,4.147976392,4.544109048,4.522479842,19,59.18,0.35,52.8399
359,3.750421793,3.87570914,4.049896721,4.113556713,4.55456288,4.521456973,19,58.58,0.44,63.3966
360,3.764929835,3.916082161,4.09715783,4.164340888,4.559094649,4.537108902,19,61.26,0.37,54.1205
361,3.733605588,3.886770249,4.093244752,4.15854662,4.55716171,4.527653107,20,57.44,0.44,63.9533
362,3.761248098,3.924553713,4.092631256,4.154401058,4.513790975,4.496782993,20,57.97,0.35,53.5871
363,3.762644867,3.940100243,4.100646166,4.169587536,4.544981573,4.52680041,20,64.19,0.4,56.1235
364,3.730613385,3.899575472,4.124175761,4.169087938,4.458428676,4.412792265,20,57.03,0.38,57.7561
365,3.756929734,3.869912579,4.075768336,4.140418147,4.563149917,4.527005839,20,58.45,0.52,70.8525
366,3.725109776,3.877271015,4.075092064,4.142607977,4.550254062,4.5232295,20,60.47,0.5,68.2537
367,3.799669081,3.874141627,4.071087934,4.145872128,4.538027685,4.518985712,20,61.2,0.44,62.1159
368,3.708957395,3.846188284,4.070822187,4.141011074,4.550450843,4.524597825,20,60.16,0.5,68.3864
369,3.698692587,3.820382393,4.046777473,4.120724434,4.562025903,4.538880324,20,59.19,0.4,58.8327
370,3.7919169,3.895588087,4.086814405,4.154831759,4.560166158,4.541103584,20,58.59,0.47,66.3177
371,3.78459243,3.842825814,4.066893287,4.136723756,4.555937089,4.53301484,20,59.55,0.38,56.3269
372,3.763739169,3.878392101,4.086338346,4.152789378,4.559949665,4.534290614,20,57.48,0.35,53.8888
373,3.711654191,3.858538079,4.057128236,4.126215271,4.54716764,4.493689503,20,56.62,0.46,66.2837
374,3.750114309,3.81853008,4.011292346,4.075449582,4.520139652,4.489403948,20,59.16,0.49,67.9149
375,3.746614437,3.85230802,4.047979849,4.11957431,4.504582671,4.494456427,20,56.24,0.43,63.5451
376,3.788457868,3.874643846,4.091908413,4.165798454,4.564652012,4.54793178,20,58.98,0.38,56.6509
377,3.766413609,3.929945308,4.112811676,4.180408826,4.572073805,4.550348905,20,62.54,0.39,55.8366
378,3.828251981,3.961166179,4.120872091,4.186401045,4.578403476,4.561259676,20,57.37,0.42,61.95
379,3.763043121,3.909183907,4.080844373,4.141425643,4.568538044,4.536475584,20,56.14,0.37,57.1085
380,3.782313657,3.930607665,4.098763104,4.171635452,4.582682973,4.563226217,20,60.75,0.43,61.2897
381,3.765721802,3.814513465,4.030544461,4.100095119,4.530342898,4.502018683,21,60,0.44,62.7028
382,3.791451085,3.896782199,4.083360315,4.146340617,4.552511752,4.524820208,21,56.87,0.39,58.9781
383,3.77190857,3.860875803,4.057089042,4.126399149,4.553013217,4.525708452,21,58.05,0.35,53.5378
384,3.75954594,3.793853452,4.013161038,4.078778821,4.521048499,4.492425386,21,56.38,0.43,63.4752
385,3.717992736,3.811403853,4.034443224,4.109020049,4.526929457,4.502904668,21,61.14,0.4,57.7797
386,3.798661771,3.902233171,4.085311209,4.148092995,4.544894405,4.516532689,21,58.35,0.5,69.1619
387,3.767596976,3.888718302,4.074414702,4.139675832,4.567013815,4.5368773,21,58.21,0.42,61.52
388,3.770639147,3.840863571,4.020854684,4.083978824,4.556640766,4.520543916,21,57.25,0.3,47.2725
389,3.814505144,3.956982026,4.113052906,4.17326135,4.550044857,4.529604778,21,60.26,0.34,50.8438
390,3.800308876,3.903643979,4.073811717,4.136244771,4.551997429,4.519307467,21,56.82,0.5,69.8184
391,3.80067406,3.895468489,4.087180275,4.153739856,4.539795519,4.515657905,21,59.39,0.44,63.0009
392,3.722604764,3.878640851,4.047579401,4.109020049,4.525421056,4.48819638,21,58.25,0.45,64.5514
393,3.731256309,3.90854604,4.081289419,4.148238721,4.560442619,4.539095466,21,57.66,0.38,57.3996
394,3.693584538,3.879386192,4.051368561,4.118889016,4.514339173,4.495306985,21,60.31,0.37,54.6782
395,3.763242111,3.913966869,4.084833499,4.154458507,4.542796941,4.521040731,21,60.93,0.3,44.6003
396,3.768973471,3.902939135,4.100504323,4.16616206,4.527966647,4.505717789,21,59.02,0.42,61.1051
397,3.822128381,3.960909026,4.108237201,4.16886571,4.547080909,4.522655399,21,57.92,0.4,59.5165
398,3.784402989,3.941124315,4.090821854,4.15635012,4.558551877,4.536429216,21,58.34,0.37,55.8296
399,3.800765326,3.920338593,4.086851005,4.152010161,4.568006954,4.542919719,21,60,0.38,56.0707
400,3.778104595,3.981796981,4.142038849,4.207063921,4.54572808,4.532843372,21,58.77,0.32,49.0764
