R_610nm,S_680nm,T_730nm,U_760nm,V_810nm,W_860nm,DATE,weight,height,HU
3.636642333,3.91687986,4.060174277,4.162371032,4.51592639,4.507786849,2,60.15,0.9,94.5939
3.682226718,3.937067734,4.054257946,4.148442618,4.536963531,4.513006532,2,61.15,0.8,89.1102
3.684617559,3.947059372,4.08696079,4.173041248,4.534240591,4.507373825,2,63.52,0.94,95.7695
3.710083096,3.90323297,4.052716706,4.140685049,4.52690349,4.495748624,2,60.45,0.98,98.2962
3.710307886,3.986526334,4.077828297,4.177177022,4.45725683,4.444048244,2,59.54,0.9,94.7369
3.710307886,3.911091879,4.071125884,4.143345271,4.496304641,4.452513388,2,64,0.9,93.7007
3.713219582,3.967342405,4.083323418,4.168754553,4.467259743,4.472327895,2,62.57,0.98,97.8443
3.723368676,3.976817195,4.077304869,4.176221895,4.503885148,4.493484763,2,60,0.8,89.4133
3.724675155,3.86698504,3.988263456,4.065305868,4.500063094,4.467698382,2,63.89,0.98,97.5655
3.769954043,3.999284479,4.101885225,4.20114565,4.546150517,4.532313124,2,58.31,0.97,98.3086
3.771713513,3.972230961,4.08088148,4.175483642,4.525993839,4.503271915,2,61.19,0.96,97.2217
3.774823967,3.970925994,4.067697201,4.16332895,4.534202314,4.526863652,2,59.53,0.8,89.5377
3.777912301,3.938749068,4.117372586,4.18415358,4.553294268,4.493945286,2,59.65,0.97,98.0159
3.804218622,3.953176294,4.078388416,4.150940075,4.487950922,4.300577865,2,59.07,0.9,94.8475
3.813974437,3.926339783,4.0493385,4.132695815,4.538217458,4.513218589,2,62.38,0.7,82.7666
3.693467766,3.901172042,4.051050761,4.128721591,4.540940798,4.503972124,3,60.71,0.95,96.8621
3.703741254,3.952442608,4.094936383,4.177149777,4.500104529,4.462927469,3,60.76,0.8,89.2128
3.723368676,3.954952982,4.088786316,4.165350502,4.508026512,4.474650979,3,60.94,0.85,91.8664
3.727168288,3.945409965,4.08958715,4.16616206,4.502788721,4.466410696,3,59.31,0.96,97.6337
3.734669256,3.917676097,4.04613484,4.128538693,4.507782396,4.475220938,3,60.64,0.98,98.2555
3.741415725,3.952495035,4.092956174,4.169864843,4.529014311,4.486881482,3,59.76,0.8,89.4768
3.744334667,3.954692169,4.124980998,4.18903498,4.513416187,4.459526859,3,62.4,0.9,94.0699
3.754703611,3.932808321,4.078910541,4.152385522,4.522519676,4.475167546,3,57.88,0.98,98.8512
3.755311868,3.950971458,4.089950658,4.171883876,4.543247248,4.505817342,3,60.37,0.8,89.3156
3.757030631,3.982335862,4.114703583,4.189750572,4.49569133,4.456415471,3,60.42,0.97,97.8487
3.770834687,3.966784537,4.109002957,4.186000555,4.531166356,4.490350411,3,59.86,0.9,94.6618
3.774339442,3.884261463,4.022045935,4.098725702,4.548318338,4.510765494,3,62.14,0.84,91.0399
3.794886451,3.926729506,4.052241379,4.124987423,4.4883909,4.452269539,3,62.64,0.82,89.8314
3.804942146,3.937230711,4.069719573,4.148005561,4.548306003,4.512973886,3,60.83,0.8,89.1944
3.825330317,3.9479612,4.073132389,4.151142738,4.542634253,4.507274655,3,60.28,0.85,92.0299
3.835049932,3.959724334,4.08813003,4.167195334,4.50510168,4.463531305,3,58.14,0.76,87.658
3.860510076,3.935543526,4.067582437,4.140121379,4.557391724,4.521664945,3,63.77,0.86,91.6999
3.590766482,3.795964255,3.931535833,4.016457302,4.479491322,4.44679332,4,61.56,0.8,89.0024
3.594009706,3.821518358,3.946098579,4.032496781,4.460248681,4.432321617,4,60.66,0.7,83.2849
3.621193074,3.872442329,3.986560981,4.075173864,4.447064867,4.427640164,4,59,0.73,85.6405
3.628986422,3.875458732,3.979730342,4.074311099,4.4890146,4.476642532,4,60.48,0.82,90.3842
3.630339368,3.860616693,3.990416516,4.0795304,4.51592639,4.492220049,4,62.65,0.71,83.3277
3.63956153,3.868387626,3.98294995,4.07049448,4.487723675,4.468494505,4,60.7,0.75,86.3527
3.649368378,3.818458676,3.952976755,4.029749513,4.510041985,4.483140025,4,58.07,0.73,85.912
3.658072493,3.85782128,4.002271255,4.090317515,4.505620068,4.485701634,4,59.76,0.72,84.8076
3.674120145,3.803198301,3.912986453,3.996757308,4.398118236,4.382165053,4,60.16,0.84,91.5351
3.67994314,3.919716913,4.030502793,4.121189844,4.50317279,4.480879576,4,59.33,0.7,83.6879
3.685570222,3.902409756,4.014632911,4.110452788,4.527266797,4.507770329,4,59.33,0.78,88.4725
3.697768308,3.878143236,3.987895934,4.07503594,4.50250044,4.477634866,4,59.59,0.87,93.2286
3.703855296,3.802680276,3.941775672,4.014756897,4.500242587,4.466319862,4,63.53,0.82,89.6051
3.70760269,3.862556365,3.961607202,4.055136264,4.456967179,4.445689748,4,61.56,0.85,91.7133
3.710869333,3.840727941,3.947815784,4.036509986,4.457272072,4.444583363,4,59.39,0.78,88.4562
3.729969507,3.82931835,3.936634235,4.015785873,4.445814963,4.414146482,4,60.61,0.77,87.5507
3.757131543,3.870483063,3.99018796,4.068468477,4.506273967,4.48198499,4,61.63,0.74,85.489
3.619811287,3.809585654,3.975021457,4.054485913,4.528134972,4.499955508,5,59.03,0.69,83.14343
3.633435215,3.756058042,3.911509352,3.986477158,4.474994118,4.448746254,5,59.87,0.73,85.38748
3.633837378,3.824415783,3.950078101,4.041754228,4.484128685,4.475861219,5,61.81,0.72,84.20592
3.63956153,3.795211572,3.950629323,4.028215692,4.484100028,4.4565084,5,59.87,0.61,77.39987
3.660851588,3.850786159,3.974974106,4.061657972,4.500132149,4.48368147,5,59.24,0.8,89.61451
3.666356942,3.86634599,4.018248117,4.105787052,4.540337053,4.511911991,5,60.29,0.82,90.43309
3.668341728,3.75819618,3.908264004,3.979743806,4.464675688,4.419319141,5,58.07,0.74,86.50855
3.680063649,3.839641157,3.978416994,4.06569366,4.526448877,4.508644695,5,60.76,0.72,84.51352
3.694284638,3.843971978,3.981972571,4.064599935,4.528561955,4.50739036,5,57.79,0.74,86.58936
3.701568322,3.793475457,3.905938923,3.982782477,4.445454962,4.421761785,5,60,0.72,84.7369
3.718103097,3.821376517,3.962874928,4.029059981,4.499164569,4.463458133,5,58.76,0.76,87.48425
3.721292032,3.854942105,3.987113865,4.068048129,4.508568486,4.484762394,5,59.59,0.7,83.60894
3.726735723,3.876771827,3.991511827,4.078983952,4.487368359,4.465938175,5,59.61,0.75,86.66025
3.733712092,3.779721313,3.901923827,3.974689533,4.433854461,4.403549622,5,58.24,0.66,81.43422
3.755919274,3.778548712,3.921530922,3.998035683,4.510325305,4.461092599,5,59.17,0.65,80.45793
3.764632492,3.854942105,4.021110245,4.10048558,4.542559112,4.505634816,5,60,0.78,88.29057
3.768678885,3.840116973,3.973218623,4.048368468,4.492218164,4.464134274,5,57.96,0.73,85.94413
3.812289557,3.898864014,4.003780478,4.081709343,4.50601524,4.476038921,5,62.54,0.61,76.47102
3.611850058,3.759424998,3.895830741,3.972598831,4.424687489,4.400917588,6,58.74,0.73,85.7163
3.628986422,3.73770365,3.899958585,3.970848895,4.460415139,4.419926043,6,60,0.68,82.1952
3.631149117,3.787995306,3.950328765,4.025595768,4.485115988,4.446375075,6,59.25,0.6,76.8831
3.663988189,3.824274885,3.954518144,4.041120819,4.486799254,4.473187092,6,60.9,0.71,83.847
3.66648128,3.800006304,3.953275487,4.031125299,4.525577372,4.495663724,6,63.14,0.67,80.5457
3.666978186,3.794155639,3.95431955,4.037451127,4.514512862,4.477758741,6,61.22,0.63,78.3824
3.66858919,3.777922026,3.930750153,4.003640618,4.496262843,4.463092232,6,59.16,0.66,81.137
3.678131835,3.836843872,3.972314369,4.051365131,4.50317279,4.476997197,6,61.51,0.78,87.8823
3.681986908,3.773034274,3.919921417,3.992232271,4.500821933,4.458011004,6,62.14,0.66,80.1799
3.687706061,3.738476954,3.90012737,3.969795539,4.495091097,4.465901793,6,61.75,0.6,75.997
3.700879875,3.787075209,3.922974384,3.979185102,4.44865331,4.426287614,6,58.86,0.68,82.5517
3.713442756,3.832855707,3.97492675,4.049284248,4.514619704,4.476926287,6,60.45,0.52,70.0296
3.719975319,3.856972585,3.944831608,4.036434609,4.453091797,4.44066939,6,58.59,0.64,79.9647
3.770541326,3.857429767,3.98619197,4.066221904,4.518792687,4.483978115,6,58.74,0.58,75.5661
3.793497019,3.819385956,3.963215586,4.032648897,4.508595574,4.467535386,6,58.34,0.68,82.7147
3.829534713,3.808052445,3.933155085,3.997994483,4.481859378,4.44065011,6,58.88,0.52,70.6754
3.673997975,3.780579228,3.929805497,3.998241496,4.444420205,4.396075297,7,58.69,0.69,83.2484
3.675339688,3.824978886,3.972457278,4.055785642,4.530162565,4.503205168,7,58.19,0.64,80.0982
3.680304523,3.827573772,3.965786431,4.048478447,4.513603608,4.483140025,7,59.11,0.68,82.4734
3.682106807,3.889810261,4.023826706,4.112450708,4.52594179,4.502754339,7,61.19,0.64,79.101
3.683423783,3.803715709,3.945389525,4.021674943,4.47821531,4.442726697,7,57.18,0.67,82.4336
3.698346234,3.83147196,3.990873224,4.067241305,4.538735692,4.504388394,7,58.7,0.58,75.5808
3.709858189,3.785614351,3.934508512,4.005142039,4.486542907,4.442534855,7,60,0.6,76.6167
3.712661167,3.830986604,3.982484785,4.0576921,4.517242458,4.485040895,7,60.32,0.6,76.5032
3.728355645,3.782832868,3.926853246,3.992399161,4.480792475,4.442880152,7,59.04,0.6,76.9578
3.740368473,3.83423509,3.947664531,4.034053464,4.507035632,4.476624784,7,58.14,0.61,78.0049
3.742877648,3.83916485,3.987574058,4.059483024,4.533192651,4.502620676,7,60,0.69,82.8447
3.746821058,3.847525998,3.988997612,4.066503362,4.531885628,4.50247025,7,61.73,0.65,79.6223
3.768187452,3.840388603,3.970500239,4.044463849,4.509069227,4.476731204,7,60.49,0.64,79.3329
3.81344308,3.848260008,3.980899617,4.049028038,4.508134961,4.461900913,7,59.04,0.73,85.6289
3.827051322,3.903056693,4.020172534,4.089651119,4.516338932,4.484971286,7,58.32,0.72,85.233
3.597083053,3.76382005,3.932372332,4.014122491,4.513362608,4.482755345,8,59.2,0.51,69.6794
3.653358055,3.841270299,3.990370814,4.075449582,4.520271513,4.500106808,8,60.39,0.68,82.0736
3.658072493,3.854613728,3.979074164,4.070180707,4.503131647,4.49010968,8,58.81,0.62,78.4889
3.671916217,3.826173066,3.957781668,4.035868838,4.494979341,4.472650279,8,58.66,0.56,74.0446
3.672161651,3.830917218,3.980665996,4.054811192,4.518263305,4.483140025,8,60.15,0.55,72.6691
3.672652103,3.82834226,3.965205653,4.047707896,4.493173262,4.467100344,8,54.64,0.68,83.8841
3.674242235,3.878951561,4.011684118,4.09895425,4.526006825,4.501080561,8,58.37,0.62,78.6404
3.67643442,3.853231761,3.993648839,4.072857814,4.52296529,4.499097161,8,60,0.67,81.5359
3.686639455,3.803124331,3.931849728,4.010456528,4.47947684,4.456173774,8,59.47,0.58,75.2973
3.690067008,3.835678715,3.962923616,4.04357486,4.510352257,4.487677814,8,59.42,0.6,76.8227
3.692649312,3.855991282,3.987251987,4.066854929,4.52067995,4.496986184,8,59.7,0.57,74.4373
3.714556905,3.879820389,3.991283847,4.081539524,4.494657885,4.474062445,8,60.26,0.65,80.1014
3.715779198,3.842488112,3.973171075,4.053581011,4.501359224,4.474704463,8,60.86,0.66,80.59
3.718323775,3.803272259,3.973408762,4.047707896,4.522099863,4.487193272,8,58.65,0.53,71.6132
3.748573725,3.844308498,3.999013107,4.074207472,4.545989033,4.510388111,8,57.55,0.53,72.0579
3.761347998,3.82952724,3.964430164,4.039963341,4.499136914,4.458270166,8,59.12,0.55,73.069
3.769365966,3.893189994,4.005328592,4.090250921,4.525095293,4.506629395,8,59.44,0.58,75.3084
3.659085132,3.891020317,4.026400145,4.119854363,4.523083172,4.504471606,9,59.39,0.5,68.7162
3.674730345,3.897020612,4.023149172,4.118670757,4.538470343,4.523595842,9,59.13,0.56,73.8652
3.675461481,3.748322625,3.890916956,3.957539713,4.427601569,4.395797563,9,60,0.42,60.6026
3.686164555,3.869277826,3.993603476,4.081573479,4.521456207,4.510338872,9,59.22,0.48,66.9693
3.687113835,3.882169954,4.022640337,4.112102546,4.518528077,4.492972477,9,58.43,0.4,59.2421
3.692766347,3.857429767,3.995865698,4.075001434,4.518024878,4.496037143,9,60.37,0.53,70.9193
3.695913829,3.922310721,4.07123968,4.161580593,4.556858914,4.532921307,9,59.78,0.47,65.7744
3.711430096,3.855794743,4.013984156,4.097744921,4.515886464,4.488334557,9,57.92,0.5,69.3463
3.711990096,3.943379535,4.064164153,4.154946536,4.549971036,4.528267896,9,54.74,0.46,67.1619
3.726086067,3.922928702,4.043473915,4.133630988,4.537698605,4.522224351,9,59.68,0.6,76.7303
3.733179391,3.910341239,4.024165098,4.112703787,4.525355933,4.514423691,9,59.84,0.57,74.385
3.747646715,3.807393699,3.93756417,4.013804941,4.503994636,4.469884177,9,58.19,0.45,64.58
3.749087848,3.813503455,3.945389525,4.013804941,4.485387466,4.456266755,9,57.84,0.38,57.2976
3.762545229,3.869849143,4.006607168,4.087578737,4.528083179,4.496901553,9,59.76,0.78,88.3557
3.809168662,3.950866229,4.0720735,4.158404342,4.550450843,4.531532103,9,58.28,0.6,77.2283
3.814681902,3.879882386,4.027576301,4.09895425,4.536900116,4.502904668,9,61.17,0.6,76.2021
3.635175319,3.852109807,4.013204403,4.101103108,4.546125673,4.516888621,10,60,0.55,72.7273
3.637838898,3.818601473,3.936168471,4.024977011,4.461170923,4.445289484,10,58.85,0.45,64.265
3.647943797,3.803494058,3.967957274,4.047818042,4.542847009,4.512892288,10,59.26,0.42,60.9821
3.654637276,3.84336556,3.972790551,4.059196941,4.512893616,4.494558594,10,57.56,0.41,60.7946
3.656421879,3.83174905,3.969446491,4.057584393,4.530342898,4.507340779,10,58.65,0.48,67.224
3.661103307,3.803494058,3.954170545,4.032838946,4.491162341,4.458159124,10,56.93,0.43,63.2005
3.669947737,3.850653563,3.974784696,4.063326358,4.523279587,4.51099502,10,56.42,0.45,65.4248
3.680424887,3.867686885,3.992376975,4.076962908,4.498264208,4.477280721,10,59.87,0.55,72.7777
3.681146508,3.857625567,3.988355299,4.076310091,4.517998423,4.493843002,10,58.07,0.5,69.2819
3.696610186,3.886953233,4.017819322,4.10591555,4.535145864,4.514326092,10,58.58,0.45,64.3939
3.702484557,3.836912317,3.98103973,4.060054552,4.548923416,4.519805647,10,59.14,0.41,59.9654
3.702827669,3.881429351,4.018933334,4.103209051,4.541744423,4.518744238,10,58.95,0.5,68.9047
3.703513038,3.878143237,4.019959117,4.100940674,4.53622721,4.51143738,10,58.59,0.56,74.0714
3.711430097,3.875959431,3.985221912,4.07665381,4.516711233,4.503988789,10,57.56,0.42,61.8528
3.718323775,3.872442328,4.000935228,4.087880194,4.532244843,4.505983176,10,59.52,0.52,70.412
3.767990716,3.87420444,4.006342927,4.086236472,4.522847377,4.493808884,10,58.04,0.46,65.6208
3.643248715,3.848593253,4.002804509,4.083674647,4.501207744,4.467281667,11,57.93,0.52,71.0668
3.690420068,3.875082808,3.995369034,4.092410018,4.540349666,4.529934439,11,59.84,0.57,74.385
3.712213902,3.882662979,4.025009844,4.106076102,4.545802626,4.510076135,11,58.19,0.47,66.5004
3.719865393,3.886831261,4.03646179,4.121592798,4.555888555,4.528472582,11,57.93,0.45,64.7041
3.723586695,3.887684484,4.029334546,4.108541439,4.547786672,4.515836241,11,58.36,0.5,69.1576
3.730291585,3.890778586,4.043473915,4.12670544,4.549145473,4.514277298,11,57.4,0.53,72.1186
3.735093994,3.85821241,4.012640357,4.085967521,4.543821988,4.50156662,11,58,0.52,71.0379
3.736154027,3.879882386,4.045612007,4.121902496,4.547675309,4.500157221,11,59.36,0.48,66.9068
3.736577317,3.867304198,4.031751015,4.115320489,4.566777066,4.528078804,11,58.38,0.42,61.433
3.740053785,3.880006353,3.998564841,4.085664733,4.519902253,4.497104689,11,58.99,0.55,73.1196
3.749087848,3.885670609,4.014287048,4.095579341,4.534023527,4.514537506,11,60.97,0.46,64.2531
3.754094501,3.896125841,4.008846588,4.092608777,4.540198578,4.514635057,11,59.24,0.5,68.7804
3.763242111,3.915397258,4.040918651,4.130819408,4.558419091,4.543391599,11,59.87,0.52,70.2681
3.763838533,3.9121866,4.062348088,4.136214832,4.551727776,4.504538158,11,58.29,0.57,74.9658
3.779160673,3.911610786,4.041162638,4.124895178,4.536049304,4.507687773,11,58.99,0.49,67.9893
3.800126169,3.897080202,4.019574743,4.096499411,4.542821976,4.504022117,11,60.78,0.46,64.3418
3.805574226,3.883216967,4.022173384,4.086337268,4.48820644,4.442995169,11,57.44,0.52,71.2689
3.809794625,3.855204652,3.999774015,4.06399897,4.495956252,4.445823107,11,59.68,0.52,70.3462
3.853132653,3.929005191,4.050613391,4.134504008,4.565044576,4.536336465,11,56.36,0.47,67.3364
3.729539725,3.89666293,4.038225474,4.117984002,4.507185093,4.477953364,12,61.26,0.5,67.9156
3.735730324,3.838483522,3.992604383,4.065834583,4.524338555,4.474953855,12,57.99,0.5,69.3163
3.737528194,3.81494559,3.944679311,4.021050571,4.476396317,4.445327634,12,56.89,0.43,63.2204
3.744334667,3.908139646,4.07343444,4.145227128,4.541982698,4.504538158,12,57.59,0.48,67.6978
3.746097338,3.879882386,4.043352567,4.118171398,4.553049871,4.520431638,12,59.68,0.49,67.6875
3.757837122,3.883954503,4.041040642,4.111817448,4.561031049,4.51069989,12,61.14,0.48,66.1117
3.762545229,3.923826003,4.075880958,4.148908344,4.554745565,4.509270507,12,59.22,0.5,68.789
3.765127962,3.830361767,3.969494449,4.056362053,4.514004986,4.481020099,12,58.42,0.5,69.1319
3.787141821,3.834579237,4.016530349,4.085092241,4.543109698,4.484640472,12,57.97,0.44,63.6945
3.787424184,3.932972904,4.081808069,4.156493102,4.552095461,4.50811698,12,55.92,0.45,65.6635
3.807734455,3.923265427,4.077790928,4.144874906,4.538824106,4.487106683,12,57.85,0.48,67.5816
3.814505144,3.852043715,4.004001952,4.073585047,4.548071125,4.495273008,12,59.22,0.42,61.0026
3.815123467,3.955786559,4.087728435,4.161975992,4.552817593,4.513886693,12,58.21,0.5,69.2219
3.841493956,3.947218643,4.090858119,4.163666524,4.57782661,4.537571685,12,58.23,0.47,66.4821
3.70465292,3.878765145,4.045289965,4.12035176,4.534406503,4.491157578,13,57.62,0.44,63.8654
3.740892395,3.905868422,4.031002544,4.118733133,4.545466922,4.530890595,13,60,0.52,70.2146
3.743190259,3.894870062,4.046777473,4.129269821,4.567735221,4.531532103,13,59.64,0.48,66.7817
3.750626649,3.920902958,4.059005238,4.140536797,4.544769813,4.509714599,13,59.64,0.5,68.6091
3.752567961,3.902292049,4.08106697,4.151055885,4.552156695,4.491620574,13,58.45,0.51,69.9944
3.754196061,3.878454302,4.057089042,4.133178729,4.541204642,4.500593957,13,57.66,0.47,66.7424
3.764434139,3.858016874,4.033947458,4.104080844,4.553318705,4.498625201,13,57.59,0.46,65.8309
3.768777091,3.881182221,4.037118886,4.114187476,4.562731771,4.522016647,13,60.93,0.55,72.3666
3.77142078,3.954378959,4.094900457,4.174305345,4.555791376,4.521792874,13,58.09,0.52,71.0009
3.773174331,3.90352658,4.0838765,4.160108807,4.576543214,4.520656164,13,56.41,0.53,72.5196
3.775307987,3.898626585,4.063701198,4.144081346,4.552817593,4.517276537,13,61.07,0.5,67.9969
3.77781614,3.877395729,4.039614937,4.117921519,4.573043755,4.527999995,13,60.31,0.55,72.607
3.798845095,3.89939773,4.038552795,4.119512056,4.526838588,4.494626683,13,57.4,0.5,69.5694
3.801312411,3.876709384,4.021195398,4.090417403,4.539038785,4.493194543,13,61.38,0.5,67.8642
3.808989645,3.917562482,4.068690484,4.142046769,4.54240884,4.496918464,13,57.69,0.5,69.4449
3.84521614,3.932643625,4.062967153,4.131607294,4.540337053,4.49464371,13,57.13,0.43,63.1006
3.697883972,3.825822159,3.988447122,4.067346644,4.544233781,4.511404616,14,59.26,0.48,66.9515
3.700994714,3.832648443,3.977711774,4.056254053,4.531037812,4.502904668,14,57.4,0.53,72.1186
3.716111928,3.86813296,4.016401232,4.097581225,4.541669128,4.508067483,14,58.31,0.5,69.179
3.719645496,3.887258082,4.03810265,4.118108942,4.544720014,4.503655503,14,60,0.5,68.4549
3.742356078,3.867176552,4.008846588,4.090949662,4.571113434,4.535500664,14,60,0.45,63.7159
3.745476029,3.859968196,4.01072581,4.086975231,4.55127393,4.503605495,14,59.47,0.42,60.8745
3.74990921,3.879386192,4.013854322,4.09617105,4.562803455,4.535609113,14,59.78,0.5,68.5491
3.758541557,3.908952054,4.029919062,4.113714498,4.558744935,4.53318619,14,56.88,0.43,63.2254
3.762445604,3.843904637,4.003957658,4.077374755,4.556240528,4.509500824,14,56.97,0.51,70.6168
3.76522701,3.842150178,3.991694125,4.067135977,4.547502032,4.49477985,14,57.9,0.44,63.7287
3.772882545,3.787228706,3.954021489,4.028062016,4.555754952,4.503305271,14,60.88,0.5,68.0782
3.779735645,3.843567804,3.991420649,4.058588485,4.53058751,4.483786203,14,58.15,0.47,66.5186
3.7919169,3.900108314,4.039084191,4.116513248,4.562803455,4.527211171,14,60.52,0.48,66.3886
3.795625677,3.882354886,4.035062146,4.10488647,4.546572543,4.503888843,14,59.79,0.45,63.8162
3.797192384,3.861005315,4.005637537,4.090184318,4.55461161,4.519419985,14,58.8,0.45,64.2889
3.834459326,3.868896539,4.004577321,4.075208321,4.518898507,4.479030943,14,61.81,0.53,70.3394
3.850862247,3.956826296,4.096478286,4.174140646,4.580783625,4.547630554,14,58.34,0.44,63.5138
3.658199178,3.77619397,3.928595361,4.012173821,4.527979624,4.476908551,15,60.75,0.5,68.1338
3.690890339,3.857690815,4.017347153,4.086505257,4.498776965,4.449256718,15,59.15,0.45,64.1218
3.728463404,3.841066983,3.989455815,4.061622387,4.511618084,4.465028047,15,59.16,0.48,66.9961
3.733605588,3.880006353,4.003913359,4.091614069,4.502816172,4.479929837,15,56.65,0.5,69.8914
3.738792826,3.884629501,4.031626346,4.11162729,4.53057466,4.498405895,15,59.44,0.48,66.8711
3.743398554,3.892528181,4.04059307,4.123509375,4.535158629,4.503572135,15,59.14,0.41,59.9654
3.746097338,3.893189994,4.040511636,4.124710662,4.536798593,4.51096225,15,58.44,0.41,60.333
3.748367898,3.878516494,4.035391898,4.108796772,4.535871325,4.488213662,15,58.43,0.47,66.3908
3.751240639,3.879696397,4.035803698,4.113430457,4.563543841,4.526705579,15,61.91,0.43,60.7081
3.754805028,3.88377025,4.02008718,4.091580889,4.502555376,4.467354169,15,61.41,0.5,67.8514
3.761547766,3.906626826,4.034938424,4.120382844,4.548664221,4.515771371,15,58.66,0.5,69.029
3.767301419,3.887623591,4.028246929,4.103564414,4.518541339,4.485493065,15,59.77,0.5,68.5534
3.777431212,3.89606612,4.052082808,4.130060521,4.562970781,4.52128088,15,60.12,0.5,68.4035
3.781169771,3.857690815,3.998923491,4.073550461,4.533320608,4.497595216,15,58.32,0.43,62.5059
3.795440989,3.886770249,4.013464463,4.083539396,4.499330599,4.460595867,15,58.4,0.44,63.4845
3.708731904,3.858016874,4.013291079,4.091979077,4.541581291,4.504388394,16,62.29,0.47,64.6284
3.722058254,3.863007709,4.004356141,4.086068379,4.5188456,4.487591321,16,59.38,0.43,61.9757
3.723259644,3.833959552,3.99059923,4.071051708,4.546758571,4.512124583,16,60.19,0.5,68.3736
3.727816329,3.843971978,3.974642551,4.050563148,4.490739276,4.452250766,16,58.65,0.4,59.1236
3.727924262,3.804306283,3.954468504,4.027985157,4.50192333,4.455280216,16,58.71,0.44,63.3331
3.730934986,3.842420571,3.987758016,4.058982283,4.504104097,4.460559034,16,60,0.46,64.706
3.73381853,3.870229623,4.021408168,4.097122596,4.514299074,4.48411764,16,59.66,0.5,68.6005
3.73805559,3.827643694,4.003514511,4.079086446,4.552903186,4.501750836,16,57.36,0.52,71.3019
3.742669103,3.847125119,4.004356141,4.079462132,4.508284044,4.471664429,16,59.3,0.48,66.9336
3.747130882,3.85866829,4.009765341,4.086337268,4.52508228,4.484187386,16,57.82,0.49,68.5014
3.75450067,3.852374071,3.993784899,4.066221904,4.522257328,4.480774139,16,58.22,0.48,67.4162
3.756121554,3.832924784,4.000712185,4.076069307,4.540412579,4.502754339,16,58.97,0.56,73.9263
3.761547766,3.863072153,4.005107753,4.081879131,4.520073732,4.482615382,16,61.46,0.47,65.0074
3.763639817,3.860227693,3.988401213,4.061622387,4.502019564,4.467136626,16,62.53,0.53,70.0497
3.811756134,3.827363972,3.968918657,4.038952692,4.500090718,4.4565084,16,57.32,0.52,71.3184
3.625175597,3.862169128,4.026442208,4.116199681,4.510433181,4.475505624,17,60,0.41,59.5132
3.637971674,3.751249964,3.933207222,4.011894707,4.478360504,4.436836515,17,58.37,0.45,64.4941
3.657945724,3.81616764,3.974026094,4.057907397,4.511106809,4.480651121,17,61.88,0.5,67.6503
3.681746966,3.825892363,3.974642551,4.049723184,4.489481781,4.452063057,17,58.13,0.54,72.6464
3.683543287,3.826593749,3.977570584,4.05926847,4.523737476,4.49387709,17,59.43,0.4,58.7033
3.703284701,3.856187732,3.996767263,4.080348786,4.522912877,4.492904128,17,57.7,0.43,62.8158
3.70465292,3.817600937,3.977099663,4.050599652,4.526097868,4.475719016,17,60.69,0.46,64.3839
3.710195485,3.870166233,4.017175313,4.098039405,4.521902913,4.487989034,17,57.86,0.42,61.6992
3.716333621,3.846656954,3.983971476,4.055244543,4.459582238,4.423669975,17,59.42,0.51,69.5871
3.716333621,3.82265136,3.984666612,4.070355061,4.541819705,4.506844589,17,58.33,0.52,70.902
3.719535526,3.791276476,3.946250379,4.021128667,4.487041219,4.445613537,17,58,0.51,70.1835
3.725218344,3.791656424,3.927329052,4.000744914,4.462272032,4.422907698,17,58.88,0.39,57.8688
3.729001917,3.841947273,4.00893418,4.086605991,4.5252908,4.482877797,17,54.88,0.52,72.3271
3.748058956,3.868323967,4.032041769,4.101687311,4.546088381,4.49211733,17,59.65,0.46,64.8694
3.764037159,3.821943572,3.987620055,4.063220039,4.535413301,4.484257148,17,55.65,0.38,58.5357
3.774048439,3.859773449,3.991420649,4.072441659,4.49531455,4.463366708,17,57.83,0.42,61.7146
3.804761379,3.920056135,4.073623137,4.144962973,4.545081153,4.499248761,17,57.38,0.49,68.694
3.815299974,3.885548249,4.033740745,4.105594235,4.524077354,4.475345504,17,60.23,0.5,68.3564
3.818552463,3.851845412,3.992604383,4.070598997,4.523737476,4.487279844,17,59.14,0.33,50.214
3.680184081,3.821092695,3.988125655,4.067381727,4.526175912,4.487885309,18,57.67,0.51,70.3223
3.716776666,3.822863481,3.998205937,4.072545744,4.548095857,4.502720941,18,57.43,0.45,64.9428
3.720195049,3.816813221,3.965738062,4.041865933,4.506695776,4.46431681,18,57.65,0.3,46.9849
3.738687599,3.818672854,3.980899618,4.056109986,4.533691397,4.475683472,18,58.47,0.34,51.9862
3.74671776,3.866921174,4.012379762,4.089551055,4.520851072,4.467897564,18,58.61,0.53,71.6294
3.75793781,3.820097921,3.975068802,4.043055463,4.512450966,4.462854224,18,59.59,0.48,66.804
3.760848195,3.868642172,4.031584782,4.099671707,4.528096153,4.477280721,18,58.07,0.45,64.6373
3.761347998,3.833959552,3.987803994,4.058301849,4.514539556,4.47359821,18,57.55,0.44,63.8996
3.771225504,3.817887049,3.985221912,4.04789147,4.536671706,4.480404952,18,57.81,0.5,69.3935
3.782313657,3.824486215,3.987067815,4.059733142,4.540160822,4.49464371,18,59.37,0.47,65.9616
3.785443879,3.875082808,4.038184536,4.105497777,4.555244458,4.500979944,18,58.21,0.47,66.4912
3.785821774,3.840592238,3.99082757,4.056757911,4.516737766,4.45858468,18,57.61,0.44,63.8703
3.799943385,3.910399029,4.052043156,4.124002606,4.536405043,4.491928982,18,57.43,0.41,60.8628
3.802677103,3.781746366,3.940342183,3.994562958,4.462859132,4.399500222,18,58.07,0.49,68.3919
3.824899013,3.847392433,3.98294995,4.044611831,4.496638802,4.449029916,18,59.1,0.45,64.1457
3.622432959,3.766242695,3.913314013,3.992482582,4.449352246,4.417045877,19,60.97,0.53,70.6775
3.631283904,3.818244392,3.881917818,3.965600683,4.395086638,4.437361162,19,59.85,0.3,45.3908
3.689360071,3.846790775,4.000712185,4.077649079,4.51624582,4.468024248,19,58.58,0.44,63.3966
3.692180943,3.857886498,4.026862578,4.106268706,4.549268768,4.505402439,19,57.11,0.3,47.373
3.713331204,3.870609741,4.01402744,4.095546463,4.528988468,4.497510676,19,57.93,0.36,54.8575
3.71600106,3.834166222,3.99274077,4.070598997,4.488986263,4.442246887,19,57.93,0.49,68.4532
3.721620567,3.810750175,3.964963479,4.03515114,4.49613745,4.458066547,19,61.26,0.37,54.1205
3.726411036,3.815952222,3.960874127,4.036961979,4.49919225,4.457288172,19,58.28,0.42,61.4842
3.728894253,3.879634374,4.048339897,4.121344848,4.517706805,4.466628602,19,56.05,0.34,53.5183
3.734031368,3.880687511,4.027744036,4.108701023,4.532808652,4.493331138,19,63.14,0.5,67.1113
3.734987868,3.843230679,3.992058448,4.065869789,4.513255457,4.464170776,19,57.78,0.35,53.7041
3.770834687,3.85408779,3.990781912,4.062652664,4.518144108,4.475558975,19,60.28,0.56,73.4269
3.78088331,3.88062563,4.014589688,4.089717805,4.50871742,4.47530993,19,57.56,0.48,67.7113
3.803131071,3.876272065,4.011640601,4.086706737,4.516565016,4.478448319,19,60,0.36,53.6142
3.807105514,3.901643972,4.044725788,4.113935261,4.526994345,4.485040895,19,58.3,0.59,76.4811
3.647943798,3.827224027,3.999818738,4.081539524,4.551985198,4.518067438,20,60.16,0.5,68.3864
3.676069801,3.842623224,4.026568334,4.107966357,4.544844572,4.503438724,20,59.19,0.4,58.8327
3.703056245,3.85005641,3.994962215,4.071434407,4.522454117,4.484291997,20,57.44,0.44,63.9533
3.706243748,3.858082063,4.000221035,4.073930929,4.512974043,4.474383573,20,64.19,0.4,56.1235
3.715557222,3.880130285,4.019660157,4.09787582,4.51364377,4.476376321,20,58.45,0.52,70.8525
3.724566412,3.851316108,4.004665779,4.078060241,4.534776316,4.495901396,20,62.54,0.39,55.8366
3.726302727,3.830153278,3.981879368,4.048844906,4.508284044,4.457158317,20,56.14,0.37,57.1085
3.730934986,3.889203953,4.054455161,4.131486179,4.559456151,4.516904772,20,60.47,0.5,68.2537
3.736365724,3.844644787,4.027744036,4.101881871,4.553000966,4.501951744,20,56.62,0.46,66.2837
3.739213552,3.846523091,3.988125655,4.061977925,4.495091097,4.459619124,20,57.97,0.35,53.5871
3.745993867,3.841066983,3.995685143,4.080042054,4.544520619,4.507489529,20,59.55,0.38,56.3269
3.764235695,3.849325433,4.006078566,4.080212495,4.543022153,4.495544852,20,57.37,0.42,61.95
3.768089077,3.87079969,4.02484101,4.100680678,4.545790219,4.505651418,20,58.59,0.47,66.3177
3.772103541,3.847993258,3.999237025,4.067627374,4.509920509,4.459139152,20,59.16,0.49,67.9149
3.773854341,3.859253726,4.004798431,4.077717633,4.521456207,4.483559272,20,57.03,0.38,57.7561
3.797192384,3.867176552,3.995594838,4.071990431,4.526162931,4.488282752,20,61.2,0.44,62.1159
3.721292032,3.847659552,4.005461042,4.080178398,4.503049377,4.457009856,21,57.66,0.38,57.3996
3.722823167,3.821376517,3.981786189,4.05815846,4.518170605,4.478960364,21,60.93,0.3,44.6003
3.729324674,3.85230802,4.018719307,4.094327595,4.548132977,4.511781117,21,61.14,0.4,57.7797
3.743086094,3.822014406,3.983693093,4.056865786,4.505470068,4.459416108,21,56.38,0.43,63.4752
3.748264929,3.866857299,4.020343152,4.091149091,4.52742245,4.484849423,21,57.25,0.3,47.2725
3.757736411,3.863651687,4.006519106,4.083911251,4.531384853,4.495714655,21,60,0.38,56.0707
3.761048192,3.872063811,4.02055638,4.093105296,4.548046439,4.509747491,21,58.21,0.42,61.52
3.773854341,3.878516494,4.024376418,4.102335505,4.538217458,4.503738855,21,56.87,0.39,58.9781
3.776274377,3.864936784,4.007003188,4.082116716,4.534215057,4.498389042,21,60,0.44,62.7028
3.79023756,3.850719866,4.007969778,4.07843678,4.543896862,4.500912817,21,58.05,0.35,53.5378
3.817061109,3.886465057,4.03075274,4.097024272,4.521101138,4.467444787,21,59.02,0.42,61.1051
3.844556743,3.858407858,4.016573379,4.086706737,4.569915845,4.514163414,21,57.92,0.4,59.5165
